Nombre,Posicion,Equipo,Asistencias, PasesAcertados, PasesPorPartido, ToquesPorPartido, CambiosDeJuego
Fernando Navarro,LD,León,4,87.00%,43,62,46.00%
Alan Mozo,LD,Pumas,3,69.00%,31,58,19.00%
Jorge Sánchez,LD,América,2,80.00%,35,64,23.00%
Juan Escobar,LD,Cruz Azul,0,83.00%,32,57,22.00%
Stefan Medina,LD,Monterrey,0,81.00%,39,57,22.00%
Chaka Rodriguez,LD,Tigres,2,86.00%,51,74,28.00%
Chapo Sanchez,LD,Chivas,0,83.00%,43,66,23.00%
Van Rankin,LD,Santos,n/a,n/a,n/a,n/a,n/a
Kevin Alvarez,LD,Pachuca,0,80.00%,34,62,16.00%
Julio Gonzalez,LD,Necaxa,0,80.00%,37,51,14.00%
Dedos Lopez,LD,Toluca,1,82.00%,29,53,18.00%
George Corral,LD,Puebla,1,78.00%,34,56,31.00%
Luis Hernandez,LD,Juarez,0,71.00%,41,71,0.00%
Israel Jimenez,LD,Mazatlan,0,86.00%,41,56,0.00%
Vladimir Loroña,LD,Tijuana,0,81.00%,34,61,11.00%
Abella,LD,Atlas,0,78.00%,41,59,57.00%
Irving Zurita,LD,Queretaro ,n/a,n/a,n/a,n/a,n/a
Camilo Mayada,LD,San Luis ,1,82.00%,34,50,46.00%
Wiliam Tesillo,LI,León,0,85.00%,64,82,23.00%
Manuel Mayorga,LI,Pumas,0,84.00%,41,70,27.00%
Luis Fuentes,LI,América,0,83.00%,44,61,0.00%
Adrian Aldrete,LI,Cruz Azul,1,81.00%,37,58,32.00%
Miguel Layun,LI,Monterrey,2,81.00%,35,57,29.00%
Edgar Duenas,LI,Tigres,0,88.00%,51,66,21.00%
Miguel Ponce,LI,Chivas,0,88.00%,44,64,25.00%
Carlos Orrantia,LI,Santos,1,79.00%,29,51,21.00%
Erick Aguirre,LI,Pachuca,3,79.00%,38,63,21.00%
Idekel Dominguez,LI,Necaxa,0,81.00%,23,43,20.00%
Diego Gonzalez,LI,Toluca,0,73.00%,27,51,9.00%
Brayan Angulo,LI,Puebla,1,82.00%,37,59,25.00%
Alan Mendoza,LI,Juarez,1,70.00%,29,55,17.00%
Efrain Velarde,LI,Mazatlan,0,81.00%,34,53,46.00%
Aldo Cruz,LI,Tijuana,0,83.00%,33,56,25.00%
Jesus Angulo,LI,Atlas,1,84.00%,37,60,12.00%
Eric Vera,LI,Queretaro ,0,74.00%,22,43,18.00%
Cadete,LI,San Luis ,n/a,n/a,na,,
